{"train_losses": [0.10651213866966303, 0.04419646429971902, 0.034330279675161175, 0.025412567684040672, 0.025803296785055562, 0.020399026836112596, 0.01815048412531539, 0.016100769245026438, 0.014687716380505861, 0.01263936916309633], "test_losses": [0.03837909186258912, 0.03953521596267819, 0.027115229633636773, 0.03070939048193395, 0.029803596390411257, 0.020952675328589975, 0.026190327713266015, 0.023016563011333348, 0.02833452490158379, 0.026875855727121235], "test_accuracies": [98.82, 98.76, 99.18, 99.16, 99.24, 99.31, 99.22, 99.24, 99.24, 99.28]}