{"train_losses": [0.21530326504085553, 0.09331833093967248, 0.06897761085979652, 0.059399106536559, 0.05133483390624661, 0.04483147261667746, 0.04098995583972632, 0.0360643976504345, 0.030200931579944728, 0.030162233937629634], "test_losses": [0.04696732442826033, 0.042620191304013136, 0.03589908443391323, 0.035445469641126694, 0.031596315442584455, 0.03317596295382828, 0.02889454223914072, 0.028488084976561367, 0.029065690125571565, 0.026423669396899642], "test_accuracies": [98.51, 98.52, 98.77, 98.85, 99.0, 98.99, 99.11, 99.16, 99.21, 99.22]}