{"train_losses": [1.7273567914962769, 1.2445279955863953, 1.078143149614334, 0.7445574104785919, 0.5186332166194916, 0.49130871891975403, 0.32343538105487823, 0.22837259620428085, 0.2641407921910286, 0.14084794372320175, 0.1355615258216858, 0.16254938393831253, 0.13699094951152802, 0.14149344339966774, 0.11977707222104073, 0.13524147495627403, 0.07689530029892921, 0.08286361768841743, 0.08434642851352692, 0.1187785156071186], "test_losses": [1.4774307608604431, 1.315544068813324, 1.1301447451114655, 0.9431842565536499, 0.7882932126522064, 0.665637880563736, 0.579983115196228, 0.5123167186975479, 0.4588495045900345, 0.41778603941202164, 0.4173424765467644, 0.42228009551763535, 0.42532600462436676, 0.4245268180966377, 0.43067213892936707, 0.43249882757663727, 0.43357542902231216, 0.4341530129313469, 0.4328864514827728, 0.43563472479581833], "test_accuracies": [33.333333333333336, 46.2962962962963, 55.55555555555556, 68.51851851851852, 75.92592592592592, 83.33333333333333, 83.33333333333333, 83.33333333333333, 85.18518518518519, 88.88888888888889, 88.88888888888889, 88.88888888888889, 88.88888888888889, 90.74074074074075, 90.74074074074075, 90.74074074074075, 90.74074074074075, 90.74074074074075, 90.74074074074075, 90.74074074074075]}